<html>
	<head>
		<script src="login/config/dojo.js"></script>
		<script src="jsapi/dojo/dojo.js"></script>
		<script>
    require(["login", "dojo/domReady!"], function(login) {
      login.run();
    });
  </script>
	</head>
	<body>
	</body>
	<dataIdInfo><envirDesc Sync="TRUE">Microsoft Windows 10 Version 10.0 (Build 26100) ; Esri ArcGIS 13.3.0.52636</envirDesc><dataLang><languageCode value="eng" Sync="TRUE"></languageCode><countryCode value="USA" Sync="TRUE"></countryCode></dataLang><idCitation><resTitle Sync="TRUE">counties_shapefile</resTitle><presForm><PresFormCd value="005" Sync="TRUE"></PresFormCd></presForm></idCitation><spatRpType><SpatRepTypCd value="001" Sync="TRUE"></SpatRepTypCd></spatRpType></dataIdInfo><mdLang><languageCode value="eng" Sync="TRUE"></languageCode><countryCode value="USA" Sync="TRUE"></countryCode></mdLang><Esri><DataProperties><itemProps><itemName Sync="TRUE">counties_shapefile</itemName><imsContentType Sync="TRUE">002</imsContentType><itemLocation><linkage Sync="TRUE">file://\\JACOB-COMPUTER\C$\Users\jacob\OneDrive\Desktop\Spring 2025\575\Activities\Geo575-Unit3\boilerplate\data\counties_shapefile.shp</linkage><protocol Sync="TRUE">Local Area Network</protocol></itemLocation><itemSize Sync="TRUE">0.000</itemSize></itemProps><coordRef><type Sync="TRUE">Geographic</type><geogcsn Sync="TRUE">GCS_WGS_1984</geogcsn><csUnits Sync="TRUE">Angular Unit: Degree (0.017453)</csUnits><peXml Sync="TRUE">&lt;GeographicCoordinateSystem xsi:type='typens:GeographicCoordinateSystem' xmlns:xsi='http://www.w3.org/2001/XMLSchema-instance' xmlns:xs='http://www.w3.org/2001/XMLSchema' xmlns:typens='http://www.esri.com/schemas/ArcGIS/3.3.0'&gt;&lt;WKT&gt;GEOGCS[&amp;quot;GCS_WGS_1984&amp;quot;,DATUM[&amp;quot;D_WGS_1984&amp;quot;,SPHEROID[&amp;quot;WGS_1984&amp;quot;,6378137.0,298.257223563]],PRIMEM[&amp;quot;Greenwich&amp;quot;,0.0],UNIT[&amp;quot;Degree&amp;quot;,0.0174532925199433],AUTHORITY[&amp;quot;EPSG&amp;quot;,4326]]&lt;/WKT&gt;&lt;XOrigin&gt;-400&lt;/XOrigin&gt;&lt;YOrigin&gt;-400&lt;/YOrigin&gt;&lt;XYScale&gt;11258999068426.238&lt;/XYScale&gt;&lt;ZOrigin&gt;-100000&lt;/ZOrigin&gt;&lt;ZScale&gt;10000&lt;/ZScale&gt;&lt;MOrigin&gt;-100000&lt;/MOrigin&gt;&lt;MScale&gt;10000&lt;/MScale&gt;&lt;XYTolerance&gt;8.983152841195215e-09&lt;/XYTolerance&gt;&lt;ZTolerance&gt;0.001&lt;/ZTolerance&gt;&lt;MTolerance&gt;0.001&lt;/MTolerance&gt;&lt;HighPrecision&gt;true&lt;/HighPrecision&gt;&lt;LeftLongitude&gt;-180&lt;/LeftLongitude&gt;&lt;WKID&gt;4326&lt;/WKID&gt;&lt;LatestWKID&gt;4326&lt;/LatestWKID&gt;&lt;/GeographicCoordinateSystem&gt;</peXml></coordRef><lineage><Process ToolSource="c:\program files\arcgis\pro\Resources\ArcToolbox\toolboxes\Conversion Tools.tbx\ExportFeatures" Date="20250317" Time="125106">ExportFeatures COUNTY "C:\Users\jacob\OneDrive\Desktop\Fall 2024\TEST_FILES\TEST_FILES.gdb\mn_counties" # NOT_USE_ALIAS "COUNTY_NAME "COUNTY_NAME" true true false 30 Text 0 0,First,#,COUNTY,COUNTY_NAME,0,29;COUNTY_CODE "COUNTY_CODE" true true false 2 Text 0 0,First,#,COUNTY,COUNTY_CODE,0,1;COUNTY_FIPS55_CODE "COUNTY_FIPS55_CODE" true true false 10 Text 0 0,First,#,COUNTY,COUNTY_FIPS55_CODE,0,9;COUNTY_GNIS_FEATURE_ID "COUNTY_GNIS_FEATURE_ID" true true false 0 Long 0 0,First,#,COUNTY,COUNTY_GNIS_FEATURE_ID,-1,-1;ATP_CODE "ATP_CODE" true true false 10 Text 0 0,First,#,COUNTY,ATP_CODE,0,9;Shape__Area "SHAPE.AREA" false true true 0 Double 0 0,First,#,COUNTY,Shape__Area,-1,-1;Shape__Length "SHAPE.LEN" false true true 0 Double 0 0,First,#,COUNTY,Shape__Length,-1,-1" #</Process><Process ToolSource="c:\program files\arcgis\pro\Resources\ArcToolbox\toolboxes\Data Management Tools.tbx\Project" Date="20250317" Time="143120">Project mn_counties "C:\Users\jacob\OneDrive\Desktop\Fall 2024\TEST_FILES\TEST_FILES.gdb\mn_counties_Project" GEOGCS["GCS_WGS_1984",DATUM["D_WGS_1984",SPHEROID["WGS_1984",6378137.0,298.257223563]],PRIMEM["Greenwich",0.0],UNIT["Degree",0.0174532925199433]] WGS_1984_(ITRF00)_To_NAD_1983 PROJCS["NAD_1983_UTM_Zone_15N",GEOGCS["GCS_North_American_1983",DATUM["D_North_American_1983",SPHEROID["GRS_1980",6378137.0,298.257222101]],PRIMEM["Greenwich",0.0],UNIT["Degree",0.0174532925199433]],PROJECTION["Transverse_Mercator"],PARAMETER["False_Easting",500000.0],PARAMETER["False_Northing",0.0],PARAMETER["Central_Meridian",-93.0],PARAMETER["Scale_Factor",0.9996],PARAMETER["Latitude_Of_Origin",0.0],UNIT["Meter",1.0]] NO_PRESERVE_SHAPE # NO_VERTICAL</Process><Process ToolSource="c:\program files\arcgis\pro\Resources\ArcToolbox\toolboxes\Conversion Tools.tbx\ExportFeatures" Date="20250317" Time="143313">ExportFeatures "C:\Users\jacob\OneDrive\Desktop\Fall 2024\TEST_FILES\TEST_FILES.gdb\mn_counties_Project" "C:\Users\jacob\OneDrive\Desktop\Spring 2025\575\Activities\Geo575-Unit3\boilerplate\data\counties_shapefile.shp" # NOT_USE_ALIAS "COUNTY_NAME "COUNTY_NAME" true true false 30 Text 0 0,First,#,C:\Users\jacob\OneDrive\Desktop\Fall 2024\TEST_FILES\TEST_FILES.gdb\mn_counties_Project,COUNTY_NAME,0,29;COUNTY_CODE "COUNTY_CODE" true true false 2 Text 0 0,First,#,C:\Users\jacob\OneDrive\Desktop\Fall 2024\TEST_FILES\TEST_FILES.gdb\mn_counties_Project,COUNTY_CODE,0,1;COUNTY_FIPS55_CODE "COUNTY_FIPS55_CODE" true true false 10 Text 0 0,First,#,C:\Users\jacob\OneDrive\Desktop\Fall 2024\TEST_FILES\TEST_FILES.gdb\mn_counties_Project,COUNTY_FIPS55_CODE,0,9;COUNTY_GNIS_FEATURE_ID "COUNTY_GNIS_FEATURE_ID" true true false 4 Long 0 0,First,#,C:\Users\jacob\OneDrive\Desktop\Fall 2024\TEST_FILES\TEST_FILES.gdb\mn_counties_Project,COUNTY_GNIS_FEATURE_ID,-1,-1;ATP_CODE "ATP_CODE" true true false 10 Text 0 0,First,#,C:\Users\jacob\OneDrive\Desktop\Fall 2024\TEST_FILES\TEST_FILES.gdb\mn_counties_Project,ATP_CODE,0,9;Shape_Length "Shape_Length" false true true 8 Double 0 0,First,#,C:\Users\jacob\OneDrive\Desktop\Fall 2024\TEST_FILES\TEST_FILES.gdb\mn_counties_Project,Shape_Length,-1,-1;Shape_Area "Shape_Area" false true true 8 Double 0 0,First,#,C:\Users\jacob\OneDrive\Desktop\Fall 2024\TEST_FILES\TEST_FILES.gdb\mn_counties_Project,Shape_Area,-1,-1" #</Process></lineage></DataProperties><SyncDate>20250317</SyncDate><SyncTime>14331300</SyncTime><ModDate>20250317</ModDate><ModTime>14331300</ModTime><CreaDate>20250317</CreaDate><CreaTime>14312000</CreaTime><ArcGISFormat>1.0</ArcGISFormat><SyncOnce>FALSE</SyncOnce></Esri><distInfo><distFormat><formatName Sync="TRUE">Shapefile</formatName></distFormat><distTranOps><transSize Sync="TRUE">0.000</transSize></distTranOps></distInfo><mdHrLv><ScopeCd value="005" Sync="TRUE"></ScopeCd></mdHrLv><mdHrLvName Sync="TRUE">dataset</mdHrLvName><refSysInfo><RefSystem><refSysID><identCode code="4326" Sync="TRUE"></identCode><idCodeSpace Sync="TRUE">EPSG</idCodeSpace><idVersion Sync="TRUE">6.2(3.0.1)</idVersion></refSysID></RefSystem></refSysInfo><spatRepInfo><VectSpatRep><geometObjs Name="counties_shapefile"><geoObjTyp><GeoObjTypCd value="002" Sync="TRUE"></GeoObjTypCd></geoObjTyp><geoObjCnt Sync="TRUE">0</geoObjCnt></geometObjs><topLvl><TopoLevCd value="001" Sync="TRUE"></TopoLevCd></topLvl></VectSpatRep></spatRepInfo><spdoinfo><ptvctinf><esriterm Name="counties_shapefile"><efeatyp Sync="TRUE">Simple</efeatyp><efeageom code="4" Sync="TRUE"></efeageom><esritopo Sync="TRUE">FALSE</esritopo><efeacnt Sync="TRUE">0</efeacnt><spindex Sync="TRUE">FALSE</spindex><linrefer Sync="TRUE">FALSE</linrefer></esriterm></ptvctinf></spdoinfo><eainfo><detailed Name="counties_shapefile"><enttyp><enttypl Sync="TRUE">counties_shapefile</enttypl><enttypt Sync="TRUE">Feature Class</enttypt><enttypc Sync="TRUE">0</enttypc></enttyp><attr><attrlabl Sync="TRUE">FID</attrlabl><attalias Sync="TRUE">FID</attalias><attrtype Sync="TRUE">OID</attrtype><attwidth Sync="TRUE">4</attwidth><atprecis Sync="TRUE">0</atprecis><attscale Sync="TRUE">0</attscale><attrdef Sync="TRUE">Internal feature number.</attrdef><attrdefs Sync="TRUE">Esri</attrdefs><attrdomv><udom Sync="TRUE">Sequential unique whole numbers that are automatically generated.</udom></attrdomv></attr><attr><attrlabl Sync="TRUE">Shape</attrlabl><attalias Sync="TRUE">Shape</attalias><attrtype Sync="TRUE">Geometry</attrtype><attwidth Sync="TRUE">0</attwidth><atprecis Sync="TRUE">0</atprecis><attscale Sync="TRUE">0</attscale><attrdef Sync="TRUE">Feature geometry.</attrdef><attrdefs Sync="TRUE">Esri</attrdefs><attrdomv><udom Sync="TRUE">Coordinates defining the features.</udom></attrdomv></attr><attr><attrlabl Sync="TRUE">COUNTY_NAM</attrlabl><attalias Sync="TRUE">COUNTY_NAM</attalias><attrtype Sync="TRUE">String</attrtype><attwidth Sync="TRUE">30</attwidth><atprecis Sync="TRUE">0</atprecis><attscale Sync="TRUE">0</attscale></attr><attr><attrlabl Sync="TRUE">COUNTY_COD</attrlabl><attalias Sync="TRUE">COUNTY_COD</attalias><attrtype Sync="TRUE">String</attrtype><attwidth Sync="TRUE">2</attwidth><atprecis Sync="TRUE">0</atprecis><attscale Sync="TRUE">0</attscale></attr><attr><attrlabl Sync="TRUE">COUNTY_FIP</attrlabl><attalias Sync="TRUE">COUNTY_FIP</attalias><attrtype Sync="TRUE">String</attrtype><attwidth Sync="TRUE">10</attwidth><atprecis Sync="TRUE">0</atprecis><attscale Sync="TRUE">0</attscale></attr><attr><attrlabl Sync="TRUE">COUNTY_GNI</attrlabl><attalias Sync="TRUE">COUNTY_GNI</attalias><attrtype Sync="TRUE">Integer</attrtype><attwidth Sync="TRUE">10</attwidth><atprecis Sync="TRUE">10</atprecis><attscale Sync="TRUE">0</attscale></attr><attr><attrlabl Sync="TRUE">ATP_CODE</attrlabl><attalias Sync="TRUE">ATP_CODE</attalias><attrtype Sync="TRUE">String</attrtype><attwidth Sync="TRUE">10</attwidth><atprecis Sync="TRUE">0</atprecis><attscale Sync="TRUE">0</attscale></attr><attr><attrlabl Sync="TRUE">Shape_Leng</attrlabl><attalias Sync="TRUE">Shape_Leng</attalias><attrtype Sync="TRUE">Double</attrtype><attwidth Sync="TRUE">19</attwidth><atprecis Sync="TRUE">0</atprecis><attscale Sync="TRUE">0</attscale></attr><attr><attrlabl Sync="TRUE">Shape_Area</attrlabl><attalias Sync="TRUE">Shape_Area</attalias><attrtype Sync="TRUE">Double</attrtype><attwidth Sync="TRUE">19</attwidth><atprecis Sync="TRUE">0</atprecis><attscale Sync="TRUE">0</attscale><attrdef Sync="TRUE">Area of feature in internal units squared.</attrdef><attrdefs Sync="TRUE">Esri</attrdefs><attrdomv><udom Sync="TRUE">Positive real numbers that are automatically generated.</udom></attrdomv></attr></detailed></eainfo><mdDateSt Sync="TRUE">20250317</mdDateSt></html>
